Name a TV series that always puts me in the mood.,5,
___ was one of the naughtiest things I've ever done.,5,
Name a celebrity I'd give oral to without asking for anything in return.,5,
(tf) I like to fuck to rap.,5,
What animal do I moan like during sex?,5,
(tf) One time I masturbated with a musical instrument.,5,
(tf) One time I slapped my own ass way too hard and hurt myself.,5,
(tf) One time I stuck me entire fist up a butt.,5,
Do I buy flavored lube?,5,
Have I fucked for vengeance?,5,
(tf) One time I had sex where I work.,5,
Have I ever sent an ex a nude pic?,5,
(tf) One time I had sex in a tractor.,5,
What time of day am I most likely to be horny?,5,
How many Tinder (or similar app) dates have I humped?,5,
Have I fucked someone my best friend at the time had also fucked?,5,
Do I lick belly buttons?,5,
Did I orgasm this week?,5,
Name a non-sexual activity I like doing while naked.,5,
(tf) I've put a vegetable up my butt.,5,
(tf) One time I accidentally injured the person I was having sex with.,5,
Do I masturbate to help myself sleep when I'm anxious?,5,
Do I like to stick beads up my butt?,5,
Have I read Fifty Shades of Grey?,5,
Approximately how many sex toys do I own?,5,
Name 5 people (fictional or otherwise) I would invite to my orgy.,5,
(tf) Armpits turn me on.,5,
(tf) I like getting my ass slapped.,5,
(tf) One time I sent the same nude selfie to more than one person.,5,
(tf) One time I had sex in the pouring rain.,5,
Are my genitals pierced?,5,
(tf) One time I had sex on a bean bag.,5,
My preferred self stimulation position is ___.,5,
(tf) One time I had to stop fucking because of a muscle cramp.,5,
Have I ever used a sex swing?,5,
(tf) One time I fucked in tube socks and nothing else.,5,
Have I ever orgasmed outside?,5,
(tf) One time I slipped into my teacher's DMs.,5,
Have I ever fallen asleep during sex?,5,
(tf) I'm horniest in the morning.,5,
Have I ever been turned on by a machine?,5,
Have I ever had a sex dream about someone in this room?,5,
Have I ever been called 'daddy' or 'mommy' during sex?,5,
Have I ever requested a quickie via text?,5,
Am I a high functioning sex addict?,5,
(tf) One time I get spanked with a hair brush.,5,
Roughly speaking\; how often do I masturbate?,5,
(tf) I've used someone else's sex toy.,5,
Have I ever traded oral sex for a back massage?,5,
Have I ever left a handprint on someone's ass?,5,
(tf) One time I peed on someone's face.,5,
(tf) I have a paid account on a porn site.,5,
(tf) One time I got slapped in the face with a dildo.,5,
(tf) One time\; I brought someone to orgasm without removing their pants.,5,
Does ASMR get me horned up?,5,
Have I ever worn a ball gag?,5,
Have I ever fucked with a mask on?,5,
What word or phrase do I use most often to refer to sex?,5,
Have I ever done a striptease?,5,
(tf) I want to fuck sonebody with a ___ accent.,5,
Am I better with my hands or my tongue?,5,
Name the music genre I prefer fucking to.,5,
(tf) One time I masturbated to a video of myself masturbating.,5,
(tf) I've been told I have a talented tongue ,5,
Have I ever played a round of strip poker?,5,
(tf) I love the feeling of fingers between my toes.,5,
(tf) One time I had sex on a boat.,5,
(tf) One time I moaned the wrong name whilst fucking.,5,
Do I sunbathe buck naked?,5,
(tf) One time I tried to give myself oral.,5,
In a perfect world\; how many partners would I have?,5,"Shockingly poly friendly from the start (was originally ""sex partners"", maybe that phrasing was better) "
Do I sort of want to fuck a vampire?,5,
(tf) One time I fell off the bed mid-sex.,5,
(tf) One time I did it on a desk.,5,
(tf) I once used a yoga ball as a sex prop.,5,
Have I ever vomited during oral?,5,
Do I masturbate almost everyday?,5,
Would I make a good porn star?,5,
Am I a biter?,5,
(tf) One time I had sex in a Santa hat.,5,
Have I given oral while under a table.,5,
Have I ever fucked in sunglasses?,5,The imagery... 
(tf) I'm probably having sex tonight.,5,
(tf) Sex makes me have to pee.,4,
(tf) One time I fucked up and got something stuck up my butt.,4,
Have I ever edited a Wikipedia article to win an argument?,4,
(tf) I like my partner's genitals to be hairy as fuck.,4,third party personal info bad? addressed 
Do I lick buttholes?,4,
Have I ever fucked around with restaurant staff?,4,
(tf) One time I got peppermint on my genitals.,4,
(tf) One time I sat on someone's face with my bare ass.,4,
Have I ever slid into my uber driver's DMs?,4,
Am I into role play?,4,
(tf) One time I hit on my uber driver.,4,
Do I like getting scratched during sex?,4,
(tf) One time I had an anal fissure.,4,
Do I like hot piss on my face?,4,
(tf) I thoroughly wash my genitals before sex in order to make them taste nice and fresh.,4,
(tf) I'm attracted to bankers.,4,
Do I enjoy playing with scrotums?,4,
How do I clean my butthole when I run out of toilet paper?,4,
___ always makes me horny.,4,
(tf) I finish way too fast.,4,
Name a senior citizen I would fuck,4,
___ is a fetish that turns me off.,4,
(tf) One time I made a shower video.,4,
(tf) I like monogamy.,4,
Do I eat less when I know I'm going to fuck.,4,
(tf) I would absolutely fuck a drop-dead gorgeous person in a port-a-potty.,4,
Do sharks arouse me?,4,
(tf) One time I creamed my pants during a political speech.,4,
(tf) I hate to say it\; but I'm terrible at oral.,4,
(tf) I'm bad at fucking because I lack rhythm.,4,
Name a friend of a friend I'd like to pork.,4,
(tf) One time I had sex in a parked car.,4,
Would I strip in front of an audience for 500 bucks?,4,"Changed from ""bones"" to bucks "
(tf) One time I made someone cum in under a minute.,4,
(tf) One time someone tied me to a bedpost,4,
(tf) One time I ruined someone's shirt by ripping it off their body.,4,
(tf) I've has sex in more than 3 countries,4,
Do I do squats to make my ass pop?,4,
Do I get sweaty when a hot person gets too close?,4,
Did I have sex on prom night?,4,
Name a fictional character whose pants I'd like to get into.,4,
Do I break the law just for fun?,4,
I think screwing should last ___ minutes.,4,
(tf) One time\; while on a date\; I clogged up the toilet.,4,
In my opinion\; am I best screw a partner will ever have?,4,
Have I ever been sexually pleasured by a Mormon?,4,
Do I do the friends with benefits thing?,4,
Do I drink alcohol in the morning?,4,
(tf) Tequila makes me horny\; vodka make me chatty.,4,
(tf) Do I own a robe?,4,
(tf) One time\; cum got in my eye.,4,
(tf) One time I fucked myself with a cucumber.,4,
Have I been part of a threesome?,4,
Have I made out under the bleachers?,4,
(tf) I am a member of the mile high club.,4,
Have I received an unpaid\; unsolicited lap dance?,4,
Have I ever licked a butt?,4,
(tf) I have waxed around my asshole.,4,
Do I own dirty dice?,4,
Name an influencer I'd like to fuck.,4,
Is my sex life boring?,4,
I can last roughly ___ minutes during a hard\; deep and properly lubicrated fuck.,4,
(tf) I've sold my used underwear.,4,
Am I in an open relationship\; or would I be if my partner(s) were cool with it?,4,
(tf) I masturbate in front of the mirror sometimes\; because it turns me on to watch myself,4,
Do I watch porn together with my sex partner(s)?,4,
Do I required hand washing before sex?,4,
In my humble opinion\; my most valuable sexual asset is ___.,4,
Do I get naked to poop?,4,
If I had to fuck a game show host I'd definitely choose ___.,4,
Have I ever drunk texted an ex?,4,
If I lived together with an S.O. during an in-home quarantine\; would my relationship survive?,4,
Did I have sex in high school?,4,
Would I go to a masked sex party?,4,
(tf) I prefer homemade amateur pron over the well produced stuff.,4,
Are my orgasms underwhelming?,4,
Have I ever had sex in with someone in front of a mirror?,4,
Have I had sex with someone in front of a window?,4,
(tf) One time I stuck a sex toy in the freezer before using it.,4,
When was the last time I sent a picture of my nipples to someone?,4,
(tf) I get off on step family porn.,4,
(tf) Periodically\; I check out my bumhole in the mirror.,4,
(tf) Even in an empty house\; I close the door to play with myself.,4,
(tf) Sometimes I fart during sex.,4,
(tf) One time I made a sex tape while on vacation.,4,
(tf) Sometimes I use sex fluids as skin lotion.,4,
Do I have a folder on my computer with a deceiving name?,4,
(tf) One time I stopped sex because of B.O.,4,
Have I ever been on a nude beach?,4,
I would like to put ___ on my ___ while ___ licks it off.,4,
Am I comfortable peeing in front of my lover(s)?,4,
One time I dreamed that I had sex with ___.,4,
Have I ever left sex fluids on a church pew?,4,
Would I have pre-arranged sex with a hot stranger?,4,
Have I fucked someone locally famous?,4,
(tf) One time my neighbors saw me naked.,4,
Where is my favorite place to have sex?,4,
Have I ever fucked in costume?,4,
Do I enjoy neck nibbles?,4,
When I play with myself\; which hand is dominant?,4,
(tf) One time I ate shrooms and saw some fucked up shit.,4,
(tf) One time somebody bit my nipple too hard.,4,
If I don't have sex tonight\; will I rub one off?,4,
(tf) Whitey tighties turn me on.,4,
Have I ever been frisked by a cop?,4,
Have I ever licked someone's abs?,4,
(tf) I use humor to get laid.,4,
I came ___ times in one day\; my personal best,4,
(tf) I like to stare at phallic shaped food.,4,
Do I have impure thoughts when people eat ice cream cones?,4,
(tf) One time somebody went down on my right after eating spicy food.,4,
Am I antisocial?,4,
How old was I when I lost my virginity?,4,
How do I like to finish?,4,
Name a famous athlete I wish I could fuck.,4,
Do wrestling singlets turn me on?,4,
(tf) I'm selfish so I don't reciprocate oral.,4,
(tf) One time I made eye contact with a stripper.,4,
On a scale of 1 to 10\; how good at oral do I *think* I am?,4,
(tf) One time I iced my nipples.,4,
(tf) One time I got off in a church.,4,
Have I violated a wooden spoon?,4,
Does deep penetration make me have to piss?,4,
Have I ever masterbated in a hospital bed?,4,
Do I moisturize my ass cheeks?,4,
Am I wearing cotton underwear?,4,
(tf) One time I asked if I could film sex and was turned down.,4,
Does fine dining make me horny?,4,
Does breaking the law make me horny?,4,
(tf) One time I shaved someone else's pubes.,4,
Have I left any secrets in Las Vegas?,4,
(tf) One time I did it behind a waterfall,4,
Do I usually make the first move?,4,
Have I done a body shot?,4,
Have I ever put on edible underwear?,4,
Do I want to bang my dentist?,4,
How many times per week do I watch porn?,4,
I usually search for ___ when I watch porn.,4,
In a pinch\; I use ___ as lube.,4,
Do I remember the names of everyone I've had sex with?,4,
Do I sometimes watch porny movies as a way to avoid responsibility?,4,
If they asked\; would I tattoo a lover's name on my ass?,4,
(tf) My right nipple is more sensitive than my left nipple.,4,
(tf) I lasered my pubes.,4,
Have I sexted in the last 30 days?,4,
Would I take my ass to a nude beach?,4,
Have I ever put a bag of cocaine up my butt?,4,
(tf) One time I played with myself during my lunch break.,4,
Have I ever been caught in the act?,4,
Does lingerie do anything for me?,4,
(tf) One time I paused a movie during a nude scene to masturbate.,4,
(tf) I worry about poop particles getting into my drinks so I never bring them into the bathroom.,4,
(tf) One time\; for pleasure\; I put my asshole on a hot tub jet.,4,
Do I use pull and pray for birth control.,4,
(tf) One time I was in a gangbang.,4,
(tf) Weddings bum me out.,4,
Have I ever gotten a foreign object stuck up my butthole?,4,
How old was I the first time I masturbated?,4,
Do I like to bite and bone?,4,
Do I hold my privates while I sleep?,4,
If I had it my way\; I'd fuck ___ times per week.,4,
(tf) One time I had a threesome and it backfired.,4,
Is there a correlation between my sex drive and my cash situation?,4,
(tf) One time I fucked someone over 10 years older than me.,4,
If they asked\; would I piss on my lover's face?,4,
Are my pubes curly?,4,
One time I used a cigar as a sex toy.,4,
Have I ever bought plan B?,4,
(tf) I have a private insta where I post lewd pics.,4,
(tf) One time I sent a nude to the wrong person.,4,
(tf) I screw to jazz.,4,
(tf) One time I got a ash all the way up my butthole.,4,
Do I sometimes cum in my sleep.,4,
(tf) One time I burped in someone's mouth.,4,
Do I curl my toes when I cum?,4,
Name a reality tv star I'd like to fuck.,4,
Name all the people in this room that I've seen naked.,4,
(tf) I have a partner that kinda reminds me of one of my parents.,4,
How tall would my ideal partner be?,4,
Did my parents give me a sex talk?,4,
Does a clean house make me want to fuck?,4,
(tf) I'm into hair pulling.,4,
Name a rapper I want to fuck.,4,
Have I fucked in my parent's bed?,4,
(tf) One time I got down on all fours and started barking.,4,
Have I ever fucked in a gym?,4,
Do I think about Jesus while masturbating?,4,
The oldest person I'd fuck is ___ years old?,4,
Do I skip leg day?,4,
I wish I wouldn't have had sex with ___.,4,
List all the illegal substances I've ever ingested.,4,
Have I ever eye-fucked a teacher?,4,
(tf) I'm a silent finisher.,4,
I've definitely search the internet for nude photos of ___.,4,
Do I lay a towel down before the act to avoid a puddle?,4,
Have I ever uploaded homemade porn?,4,
Do I doodle boobs and butts?,4,
(tf) One time somebody peed in my butt.,4,
Do I like to bump and grind in the club?,4,
Have I ever fucked in public?,4,
(tf) I like to smell used panties.,4,
(tf) One time I had a dream about fucking a partner's parent.,4,
(tf) One time I sharted in the middle of a date.,4,
Have I ever livestreamed my naked ass?,4,
(tf) One time I sexted a stranger just for the fun of it.,4,
Would I join a cult if I had a crush on the recruiter?,4,
The fastest way to give me an orgasm is ___.,4,
Do I want a thuddy spanking?,4,
Do I watch my partner take shits?,4,
(tf) One time a dog watched me fuck.,4,
Do I like it when my thighs are caressed?,4,
Would I ever have sex with a conspiracy theorist?,4,
Do I like to watch people piss on each other?,4,
(tf) One time I touched myself while messaging a Tinder(etc) match.,4,
Do I have powerful thighs?,4,
Where do I buy my underwear?,4,
I think foreplay should last ___ minutes.,4,
Has anyone ever walked in on me while I was wanking off?,4,
Have I done it in my grandparent's house?,4,
Do I use any performance enhancing drugs?,4,
(tf) One time I cummed in public.,4,
Do I fake moans to help my partner finish?,4,
Do I typically sleep bare butt?,4,
When I see myself naked\; do I get turned on?,4,
Do I like having my asshole fondled?,4,
Do I own nipple clamps?,4,
Have I ever prayed for larger body parts?,4,
Do I subscribe to anyone on OnlyFans?,4,
(tf) I laugh a lot during sex.,4,
Do I moisturize my genitals?,4,
Do I own a dildo?,4,
Have I ever used coconut oil as lube?,4,
(tf) One time I had slippery sauna sex.,4,
(tf) One time I kissed someone's armpit.,4,
(tf) One time I popped a balloon.,4,
Do I condition my pubes?,4,
Do I slut shame to cope with my body insecurity?,4,
Do I have a foot fetish?,4,
(tf) After fucking\; I usually go to the fridge.,4,
(tf) One time during sex I bit my lip until it bled.,4,
Do I still text my ex?,4,
(tf) One time I put a dollar bill in a stripper's thong.,4,
Does dirty talk piss me off?,4,
(tf) One time I saw my blind date and bailed.,4,
(tf) One time I watched porn with someone else.,4,
Am I smooth down there.,4,
Name the celebrity I'd most like to get oral from.,4,
Do I slap my own ass when I masturbate?,4,
(tf) One time my pubes got stuck in my zipper so I had to cut them free.,4,
Do I lie to strangers on dating apps?,4,
(tf) One time I fucked a government employee.,4,
Have I ever been butt naked in public?,4,
(tf) One time I ruined a friendship by fucking.,4,
After I fuck\; do I tell my friends the juicy details?,4,
(tf) I've had sex in more than 5 US states.,4,
(tf) My favorite place to fuck is in the shower.,4,
Do I own a butt plug?,4,
Do I fantasize about fucking an alien?,4,
(tf) One time I dreamed that I fucked a totally platonic friend.,4,
Am I a loud orgasmer?,4,
(tf) I hate spooning.,4,
Are my unkempt pubes growing down my thighs?,4,
Do I suck my fingers during foreplay?,4,
One time I shoved a ___ into my butthole. It's the largest thing I've ever put in there.,4,
(tf) One time I went a whole week without touching myself.,4,
Do I wank myself to sleep?,4,
Have I ever rubbed one off to Planet Earth.,4,
(tf) One time I fucked in a sleeping bad.,4,
Have I ever put makeup on my abs to make them pop?,4,
(tf) I cum better with nipple rubbing.,4,
Do I make other people pop zits on my ass?,4,
(tf) One time I ran out of lube so I just used butter.,4,
Do I get nipple orgasms?,4,
Do I like big butts?,4,
Have I ever sexted two people at the same time?,4,
(tf) One time I got off to an audio book.,4,
(tf) One time I went into a V\;I.P. room with an exotic dancer.,4,
(tf) For some reason I like to draw cartoon penises.,4,
Would I consider myself talented with my tongue?,4,
(tf) One time I did the walk of shame.,4,
Have I been on either end of a glory hole?,4,
(tf) One time I smeared whipped cream all over my nipples.,4,
(tf) One time\; I hooked up with my ex.,4,
Would I like to fuck my therapist?,4,
Name someone who has licked my butthole.,4,
Do I often daydream about robbing a bank?,4,
(tf) In my opinion\; you should go on at least 3 dates with someone before fucking.,4,
Do I get hornt up when I see nipples through a shirt?,4,
Have I ever hidden drugs up my rectum?,4,
When I want to Netflix and chill\; I turn on ___.,4,
Do I draw naked people for no good reason?,4,
(tf) One time I did it at a national monument.,4,
___ is a fucked up misconception I used to have about sex.,4,
Have I ever bought crotchless panties?,4,
(tf) One time I accidentally sent a nude pic to my mom.,4,
Do I kick my pets out of the bedroom before sex?,4,
Do I kick my plushies out of my bedroom before sex?,4,
(tf0 One time I accidentally cut someone's genitals with a homemade sex toy.,4,
(tf) One time I disrobed a complete stranger.,4,
Do I shampoo my pubes.,4,
Have I ever munched food out of a belly button hole?,4,
Name a sex fantasy of mine.,4,
(tf) One time\; I did it in the back of a moving vehicle.,4,
(tf) Mannequins turn me on.,4,
(tf) One time a masseuse rubbed my crotch with oil.,4,
Have I done dirty shit in a drive through?,4,
Have I ever snuck into the woods for a quickie?,4,
(tf) I fuck with my socks on.,4,
(tf) One time I injured myself masterbating.,4,
Would I enjoy watching a partner fuck a model?,4,
Am I easily aroused?,4,
(tf) One time I was part of an oral train.,4,
Do I like the taste of blood?,4,
(tf) If my partner licks my neck during foreplay one more time\; I might become homocidal.,4,
Do I own a strap-on?,4,
Does menstuation stop me from getting it on?,4,
(tf) I did it in a library.,4,
(tf) One time I got oral during a phone call.,4,
(tf) One time I got a thigh hickey.,4,
Do I play with boogers?,4,
Have I ever tried to seduce my doctor?,4,
(tf) One time in adulthood I shit myself.,4,
In my opinion\; ___ is a MILF and ___ is a DILF.,4,
Do I fantasize about getting with my doctor?,4,
(tf) One time I did it in an elevator.,4,
Am I bad at sex?,4,
Name something ordinary that puts me in the mood.,4,
(tf) I love the smell of cum.,4,
Has a masseuse cupped my fun bits?,4,
Name the most strange place I've fucked.,4,
Do I bleach my asshole?,4,
(tf) I like getting tongue in my ear.,4,
Have I ever fucked a farmer?,4,
(tf) One time I got all hot and bothered during a medical exam.,4,
(tf) One time I found my mom and dad's porn.,4,
(tf) One time I gave oral to an inanimate object.,4,
(tf) One time I woke up to oral.,4,
(tf) I like to smell my fingers after doing it.,4,
(tf) One time I got off to a music video,4,
(tf) I'm totally comfortable being naked in front of others.,4,
Have I ever been hit on by a member of the clergy?,4,
(tf) One time I got somebody off in a car.,4,
(tf) I lie about how much porn I watch.,4,
Have I fucked in open water?,4,
(tf) I like to lick chest sweat.,4,
(tf) One time I scratched someone's back so hard it bled.,4,
(tf) Sometimes I cry after a good lay.,4,
(tf) Yoga arouses me.,4,
(tf) I hate cum on my face.,4,
(tf) One time I fucked a guitar player.,4,
(tf) I prefer to fuck with the lights on.,4,
Do I have an OnlyFans account?,4,
(tf) When I masterbate\; I like to watch in the mirror.,4,
Have I ever sent a pic of my asshole to someone?,4,
What is my favorite position?,4,
(tf) One time I accidentally saw a nude pic of my blood relative.,4,
(tf) I am a submissive fucker. I want to be told what to do.,4,
(tf) I want abs\; but not bad enough to get them.,4,
Who's the best fuck I've ever had?,4,
One time I fucked ___ times in a single day - my personal best.,4,
(tf) One time my genitals got sunburnt.,4,
(tf) One time I tried to give myself oral. (bonus: Did I succeed?),4,
(tf) One time my parents walked in on me masturbating.,4,
(tf) One time I burst into tears mid-fuck.,4,
(tf) One time I pleasured myself to a video of me pleasuring myself.,4,
(tf) One time I saw the tip of a penis hanging out of a pair of running shorts.,4,
Would I rather give up chocolate or orgasms?,4,
(tf) I wish I was more promiscuous.,4,
Am I a soft and sensitive lover?,4,
(tf) One time I rubbed capsaicin oil on my naughty bits.,4,"Originally was ""Vicks"" - a cough syrup? "
Whenever I eat ___ I get horny.,4,
(tf) One time a pube got stuck on my tongue. Rather than deal with it\; I swallowed it,4,
(tf) One time I slipped and fell during shower sex.,4,
(tf) One time I spent the whole day naked.,4,
Have I ever stopped sex because I had to pee?,4,
Have I ever fucked in lotus?,4,
(tf) I usually play with myself in a chair.,4,
(tf) One time\; as an adult\; I taste-tested breast milk.,4,
(tf) When I'm too lazy to fuck\; I propose mutual masturbation.,4,
Do I enjoy a savage ass squeeze?,4,
What celebrity couple would I love to have a threesome with?,4,
I won't fuck a person younger than ___ years old.,4,
(tf) I have porn in print format.,4,
Have I inhaled nitrous oxide from a whipped cream can?,4,
(tf) I have a private account for porn.,4,
Will I have sex tonight?,4,
Would I star in a classy sex scene?,4,
(tf) I'm too lazy to wipe cum off of my belly so I just let it dry.,4,
Do I deodorize my genitals?,4,
(tf) I am a butt muncher.,4,
Would I masturbate with a stranger online just for fun?,4,
If I could\; would I change anything about my genitals?,4,
(tf) One time I hired a photographer to take my nudes.,4,
When I'm rubbing one out\; I'm usually thinking about ___.,4,
Do I verbally direct sex?,4,
Have I ever used a piece of furniture as a sex toy?,4,
"Do I call it ""making love""?",4,
(tf) I only give oral to recently washed genetalia.,4,
(tf) I wish there were two of me so I could fuck myself.,4,
(tf) One time\; mid-fuck\; I took a shot.,4,
Have I ever made eye contact with my pet while masturbating?,4,
(tf) I fucked last night.,4,
(tf) There's a sex vid in my camera roll.,4,
Do I have performance anxiety?,4,
(tf) One time\; I fucked somebody the day I met them. I didn't get their name.,4,
Do I keep my thoughts pure?,4,
Name a character from a TV series I'd like to straddle.,4,
Do I speak words of encouragement to my genetalia?,4,
(tf) One time I did it in public behind a large tree.,4,
(tf) I own a pair of handcuffs.,4,
Have I ever had a swollen vein in the lowest part of my rectum?,4,
(tf) It's hard to make me cum.,4,
Name a non-pornographic movie I've masturbated to.,4,
Would I give the POTUS oral in exchange for debt forgiveness?,4,
(tf) One time I peed my pants in public.,4,
(tf) One time I spit in my lover's mouth.,4,
Would I fuck my boss for a raise?,4,
(tf) One time I walked into a brothel.,4,
(tf) I sweat too much when I have sex.,4,
(tf) Sometimes I watch porn with VR goggles.,4,
(wp) Oral from a talanted 7 or a lazy 10?,4,
(Tf) I plan to have a threesome before I die.,4,
(tf0 One time I quietly rubbed one off next to a sleeping human.,4,
Have I ever used ASMR to get off?,4,
Do I act like an idiot when I try to flirt?,4,
(tf) I get horngry.,4,
(tf) One time I got high\; had sex\; and ate a sandwich.,4,
Do I have trouble getting off?,4,
(tf) One time I had sex on a trampoline.,4,
(tf) One time I made a booty-call but got shut down.,4,
(tf) One time I smeared mayonnaise on my privates.,4,
(tf) One time I paid for a lapdance.,4,
Have I done it in a van?,4,
Name a personality trait that always turns me off.,4,
(tf) I own a flogger.,4,
(Tf) One time I did the deed with a foreigner.,4,
Is my butthole hairy?,4,
(tf) Farting puts me in the mood.,4,
(tf) I have a recurring relationship with rim jobs.,4,
Have I ever paid for cam to cam?,4,
(tf) I'm into choking.,4,
(tf) One time I hid something up my butt.,4,
Of all the superheroes\; which would I most like to get with?,4,
(tf) My partner tells me what to do in bed and I like it that way.,4,
(tf) One time I role played as an Avenger.,4,
Do my burning loins often get me into trouble?,4,
Would I rather fuck a runner or a bodybuilder?,4,
Am I a horndog?,4,
Where do I keep my sex toys?,4,
What is my pickup line?,4,
Am I vocal in the sack?,4,
Do I consider my asshole an erogenous zone?,4,
Can I suck my own toes?,4,
Have I ever made someone cum with my clothes still on?,4,
Have I screwed in a hot tub?,4,
Did I rub off today?,4,
In the throes of exquisite sexual delight\; rather than their real name\; I call my partner ___.,4,
Do I appreciate a firm spanking on the buttocks?,4,
Do I have a butt tattoo?,4,
(tf) One time I had phone sex .,4,
(tf) One time I had someone else film while I got myself off.,4,
(tf) I want people to watch me have sex.,4,
One time I unexpectedly walked in on a couple mid sex.,4,
(tf) One time I made somebody come using nothing but my tongue.,4,
(tf) One time I booked a motel by the hour.,4,
(tf) One time I masturbated with something edible.,4,
I like fucking people with tattoos.,4,
Do I enjoy body hair?,4,
One time\; I received oral from a pierced tongue.,4,
(tf) I like to take charge when I fuck.,4,
(tf) One time I was aroused by a medical exam.,4,
(tf) One time I had sex in the middle of a fight.,4,
Do I hate my belly button?,4,
Have I ever done it in on a roof?,4,
(tf) I like to stare at camel toe.,4,
(tf) One time I made sex in a barn.,4,
(tf) One time I waxed my armpits.,4,
Have I done it on a balcony?,4,"The number of ""Have I fucked in ___ location"" questions is getting distressing "
(tf) I like nipple piercings.,4,
(tf) One time I fucked three or more people in the span of a single week.,4,The number could be adjusted 
Have I ever fucked a postal worker?,4,
(tf) One time I hooked up with a flight attendant.,4,
Have I ingested magic mushrooms?,4,
(tf) One time I fucked someone with a nose ring.,4,
Have I had sex with a nurse?,4,
Have I ever sucked on a pierced nipple?,4,
(tf) One time I had sex at a rest stop.,4,
Have I fucked in front of other people.,4,A solid 10% of the questions are exhibitionism 
(tf) I don't like doggy style.,4,
How old was I when I started playing with myself?,4,
On a scale of 1 to 10\; how horny am I?,4,
(tf) One time\; without getting their name\; I pleasured a stranger.,4,
(tf) One time I fucked for over 3 hours.,4,
(tf) I love nuzzling my face into a nice bed of public hair.,4,
One time I busted a piece of furniture during a rough romp,4,
(tf) Big muscles turn me on.,4,
Are my nipples sensitive?,4,
What is my go-to post-sex snack?,4,
Does exercise put me in the mood?,4,
Am I capable of getting off in under 2 minutes?,4,
(tf) One time I fucked a machine.,4,
Do I make eye contact during oral?,4,
Would I get my nipple pierced at the request of a partner?,4,
Do I shave my butt?,4,
Am I turned on by pain?,4,
Have I ever masturbated with a gift?,4,
Have I ever had sex with a person I just met?,4,
Have I fucked on a massage table?,4,
(tf) One time I got oral from a person who was getting fucked.,4,
(tf) I like getting dominated.,4,
(tf) Huge lactating tits arouse me.,4,
(tf) One time I did it in an airport.,4,
(tf) I spray my private parts with fragrance before fucking.,4,
Am I working on the shape of my butt cheeks?,4,
Have I ever stuffed cash in the undies of a stripper?,4,
(tf) One time I celebrated my booty by posting a selfie.,4,
Do I kinda want a threesome with my ex and my bestie?,4,
(tf) One time my I got rugburn after shagging on carpet.,3.5,Did some reprhasing. to improve 
I'd consider cosmetic surgery on my ___,3.5,"might be fine? | I think it's fine, if boring in some crowds "
(tf) I've had ex-sex.,3.5,ex-sex phrasing? quirky OK? | The phrasing is weird but cute 
(tf) I use dirty socks to wipe up sexual fluids.,3.5,"sexual fluids instead maybe? | Changed to sexual fluids, a bit clunky now (was ""sex snot"") "
(tf) After having sex for the first time I cried for a shitty reason.,3,
After watching porn\; do I feel ashamed?,3,
(tf) One time I hooked up with my friend's sibling.,3,
(tf) After my partner shits\; I make them take a shower before fucking.,3,insist they? 
(tf) I fundamentally believe that most people are shitty.,3,Bit of a downer 
(tf) My orgasms keep getting worse.,3,
(tf) One time I got high and fucked somebody I shouldn't have.,3,
Have I ever sold feet pics?,3,
Have I ever sold underwear on the internet?,3,
(tf) One time I fucked on Ambien.,3,
(tf) I'm desperate and want to hump the shit out of anything that walks.,3,
Have I bared ass in public?,3,
(tf) One time I had sex with a foreign exchange student.,3,might be fine 
(tf) I keep a box of Kleenexes by my bed for wiping up sex juice.,3,"Idk I'm not sold on ""sex juice"" "
(tf) I keep my eyes open when I am lone rangering.,3,Phrasing to be more normal? 
(tf) One time I stuck a toothbrush up my butt.,3,
(tf) I want to get with a parent of my BFF.,3,
(tf) I want to have sex with a gymnast.,3,"bang? | Changed from ""bang"" "
I hope ___ gets a divorce.,3,
(tf) Facials are a regular part of my sex life.,3,
Do I lock eyes and penetrate?,3,"I feel like this could be changed to be something like ""penetrate/get penetrated"" but, also, anyone can penetrate (including penetrate themselves) so.. I don't know "
(tf) One time I slipped a can of hairspray in one of my orifices.,3,"I changed this a little - was ""bunghold"" specifically, and ""it got stuck"" was added (which seems tpo improbable) "
In my opinion\; the perfect penis is ___ inches long. ,3,
My gentitalia's nickname is ___.,3,
Would I want to have sex on a train while passengers pretend not to watch?,3,
Under the right circumstance\; would a I be willing to swap a partner with a couple?,3,"I tried rephrasing this to be more poly inclusive but it's kind of contorted now. The original is ""Under the right circumstance, would I couple swap?"" "
Have I ever used petroleum jelly on my butt hole?,3,Too tame? 
(tf) I wish I had a better sex life.,3,
(tf) Penetration makes me scream.,3,
In the last 2 years\; how many people have touched my genitals?,3,"Seems almost too personal but I mean, all of these are personal! (and it's not shaming) "
When I see a lush butt\; do I get turned on?,3,
On average\; I have sex ___ times per week.,3,"Seems almost too personal, but all of these are personal! "
Do I go through my S.O.'s phone?,3,Sketchy 
(tf) If getting my sex partner off is hard\; I'll usually finish first.,3,"I rephrased his from ""Getting my SO off is hard, I usually finish first""-- multiple problems with that (giving someone else's info away, assuming just one S.O., etc.) "
Is there peach fuzz all over my ass?,3,
Have I ever worn a wig during sex?,3,
(tf) I like to play with foreskin.,3,
Am I too embarrassed to walk into a sex shop?,3,Too tame 
Do I use my body to shamelessly get attention online?,3,A little too personal? idk 
Have I ever pity fucked someone?,3,
Have I ever accidentally gotten myself or someone else pregnant?,3,A little too personal? idk 
Am I addicted to gambling?,3,Where did this one come from?? 
(tf) One time I stole underwear.,3,
If I had an S.O. go to prison for a year\; would I fuck other people?,3,"Not inherently problematic, I guess.. "
When I'm not in the mood\; do I make shit up to get out of sex?,3,
Can I lick my own nipple?,3,
Do I like to sniff farts?,3,Ew 
Do I swallow sex fluids?,3,"Changed ""splooge"" to ""sex fluids"" not sure it's any better "
Will I die regretting my sex life?,3,
Have I ever peed in a hot tub?,3,
(tf) One time I tested positive for an STD,3,"Maybe, too personal/too heavy? "
Have I ever been naked with a bartender?,3,What a weirdly specific question 
(tf) One time I developed a cold sore the day after going down on a stranger.,3,
(tf) I have spermicidal lube at home.,3,
(tf) When somebody walks by in tight pants I try to see their genital outlines.,3,
(tf) I eat oranges (or other foods) so that my fluids taste nice.,3,
(tf) I like to watch mating monkeys.,3,So specific! But kind of of hilarious 
When referring to my privates\; what word do I use?,3,Could be very personal but people can also skip this 
Do I fetishize pregnancy?,3,
(tf) If I cheated\; I'd definitely get caught.,3,
Do I talk to my parents about sex?,3,
Do I fuck to end fights?,3,
(tf) One time I unzipped my pants in a movie theater.,3,
Do I say dirty shit during sex?,3,
Do I watch porn?,3,
I'm home alone. Where do I wank off?,3,Is wank an okay phrasing? 
Do I cry when I'm extremely bored?,3,Off theme? But kinda funny 
(tf) One time I fell for a stoner.,3,boring 
How many people have I fucked?,3,
(tf) I'll never have a threesome\; even though I fantasize about it all the time.,3,Kinda a downer? 
Do I have weird nipples?,3,
Have I ever paid for sex?,3,
(wp) Romance with a rich 6 or a poor 10.,3,
Have I ever had an orgasm on the highway?,3,Road in general? 
Do I prefer to top or bottom?,3,
(tf) One time rather than extracting it\; I swallowed a stray pube during oral.,3,
Do I like to squirt liquid up my anus?,3,
Do I have delay spray?,3,
(tf) I tend to make poor impulse decisions.,3,
(tf) I make poor life choices because I love drama.,3,
(tf) One time I put cling film over someone's face and dropped a deuce on that mother fucker,3,
Who took my virginity?,3,
Would I live in a van with a hot person?,3,
Do I enhance cock with rings?,3,Is the phrasing funny or confusing? 
Have I ever had a prison romance?,3,
Do I tickle my butthole for pleasure?,3,
Do I have a vibrator that is capable of both g-spot and clitoral stimulation?,3,Bit boring? 
Would I rather fuck a Marine or a guitar player?,3,Surely we can come up with a better pair 
Would I rather fuck a cop or a firefighter?,3,"Again, there's gotta be a more interesting pair "
Do I tell my partner to keep going when I like what they're doing in bed?,3,
Am I attracted to people who ruin my life?,3,
(tf) One time my privates were skillfully groped under the cover of a dinner table.,3,
(tf) One time\; I shat while masturbating on the pot.,3,
Have I ever confessed my darker deeds in a church?,3,
(tf) I worry about going to heaven because there is no sex there.,3,
Do I naked sunbathe in my backyard?,3,City life :( 
Am I inconvienently attracted to an in-law?,3,
When I've had enough\; do I fake it?,3,
(tf) One time I fucked a cheater.,3,
(tf) One time I got oral from a nurse.,3,
I have attended ___ sex parties.,3,
I so should have fucked ___ when I had the chance.,3,
My porno category of choice is ___,3,
Are there condoms in my pocket?,3,
(tf) I would definitely bone on a first date.,3,
(tf) One time a condom ruptured and I exchanged unwanted fluids.,3,
(tf) I like to makeout before fucking.,3,Boring 
(tf) One time I found my mom's vibrator.,3,
(tf) One time I met someone at a bar and fucked their brains out after a few drinks.,3,Not too happy with the wording 
Have I done group sex?,3,
Do I announce when I'm about to finish?,3,
Have I ever paid for sex?,3,
(tf) One time I was aroused by a doctor.,3,
(tf) One time I rode a bike bum naked.,3,
Have I masterbated behind the closed doors of a closet?,3,
(tf) One time I walked in on my parents.,3,
(tf) One time I had sex in a trailer home.,3,Another??? 
(tf) One time I stuck my hands down somebody's pants at a concert.,3,
(tf) Weddings get me all hot and bothered.,3,
(tf) I often question my sexuality.,3,
Have I performed sex acts with my arms tied behind my back?,3,
(tf) Money makes my horny.,3,
Have I ever infected somebody with chlamydia?,3,
Do I talk about sex with my siblings?,3,
(tf) I think facials are cringy.,3,
(tf) I do the same thing every time I fuck.,3,
Have I boned someone to get back at someone else?,3,
(tf) Sometimes I fuck on drugs.,3,
In my dream orgy how many people are present? ,3,
(tf) One time had sex with a barista.,3,"And more ""have I had sex with ___ person"" "
Have I ever had genital lice?,3,
(tf) One time I masturbated at work.,3,
Have I ever unzipped someone else's pair of leather pants?,3,Bizzarely small details 
I'm rarely in the mood because I'm always tired.,3,
(tf) One time I gave a co-worker oral.,3,
Do I have butt acne?,3,
Have I ever damaged property while trespassing?,3,
Have I slipped pearls up my ass?,3,
(tf) One time I fucked soneone less than 6h after meeting them.,3,
(tf) One time I got in a fight over a boner.,3,
Do I fantasize about getting some in public while fully clothed?,3,
Do I wear a thong on the beach?,3,
If my best friend could not finish the deed\; would I be willing to sub in?,3,Needs consideration 
(tf) I wank and poo simultaneously. I pank.,3,
(tf) I've had a sexual encounter with a besties's partner,2.5,? not sure about this re wording 
(tf) I am better at oral than I am at sex.,2,
(tf) I manipulate people to get what I want.,2,"Idk we have to make a decision on the ""I'm not a great person"" questions "
(tf) I like thick lips and thick hips.,2,
Do I wish my S.O. would slow the fuck down when handling my privates?,2,
Have I ever gotten away with cheating by blaming alcohol?,2,
(tf) Before picking a movie to watch\; I check for sex content on IMDB.,2,Who does this?? 
Have I ever transferred someone's cum from my mouth to another person's mouth?,2,
Do I fantasize about cheating?,2,I feel like this could/would make a lot of people uncomfortable 
Are my sheets really\; really dirty from sex?,2,Eh? 
Have I ever had sex with someone who had trouble performing?,2,"Doesn't have to be gender/genitalia specific, but sort of implies? "
Do I objectify hot people?,2,Ehhh? I feel like there could be a way to phrase less.. objectifying? lol 
Have I ever touched a stripper's ass?,2,??? 
(tf) One time I saw my grandpa naked.,2,What the hell 
Have I ever fucked a millionaire?,2,Do we need this question? 
If I found out my partners was cheating on me (non-ethically!)\; I would ___.,2,I tried making this better but it's sort of a shitty question? 
Do I enjoy both male and female genitalia?,2,Shouldn't be a binary 
(tf) I'm straight\; but I fantasize about having gay sex.,2,It's not like an inherently bad question I guess but weird 
(tf) One time I had sex in my mom's bed.,2,Not problematic but gross ha 
Have I ever asked God for forgiveness after masturbating?,2,Geez.. 
(tf) I've had alcohol poisoning?,2,"Maybe, too personal/too heavy? "
Do I have an interracial fantasy?,2,
(tf) One time on Ecstasy I touched myself to a Coldplay video.,2,So specific! 
Sentenced to life in prison\; would I eventually swing both ways?,2,So many of us already swing both ways 
(tf) One time I got blocked for unsolicited flirting.,2,Gross 
(tf) Sometimes I read Cosmo articles to improve my bedroom game.,2,This is super dated.. isn't it? 
(tf) One time I asked an S.O. to shave their butthole.,2,
(tf) One time\; I had an inappropriate dream about an in-law.,2,
Have I ever dressed in latex?,2,
Do I get off to hentai?,2,
Do I like foreplay?,2,
Does wildlife make me horny?,2,
Do I orbit my ex on social media?,2,
Have I put tanning oil on my genitals?,2,
Have I pre-gamed with hot wax?,2,
Have I partaken in digital insertion while on a dance floor?,2,
Have I taken a strap-on up the butt?,2,
Have I ever fucked in a church?,2,Same as #8:(tf) One time I got off in a church. 
(wp) Sex in the Oval Office or in the Playboy Mansion?,2,Come on we can come up with something more interesting than Playboy Mansion 
(tf) One time I instigated a fight just for the makeup sex.,2,
(tf) I need therapy because my childhood was fucked up.,2,Not really on theme with the rest of it? 
(wr) Be busted for cheating on my lover *or* find out that my lover has been cheating on me?,2,
(tf) My partner thinks I need sex therapy.,2,
What is the strangest thing I've used as lube?,2,
I love licking ___.,2,Most love? Idk something feels off 
(tf) One time I noticed cauliflower-like warts on my genitals.,2,
(tf) Since I don't often have sex\; my genitals are fluffy.,2,1. question is odd (two separate questions in one) 2. phrasing is off 
Is my life a shit show?,2,
(tf) One time someone ate my ass and I liked it.,2,
(tf) I hate porn.,2,
Have I rubbed off on a stack of pillows?,2,
During a passionate encounter\; am I more like the tortoise or the hare?,2,
Do I get uncomfortable around locker room nudity?,2,Boring if you're trans 
(tf) Plushies turn me on.,2,
(tf) One time instead of watching porn\; I just listened.,2,
(tf) If I had better sex I'd want it more often.,2,
Do I like it rough?,2,Boring for the kink crowd? 
(tf) I don't think it's cheating if I'm on LSD.,2,
Have I ever been blindfolded during sex?,2,
(wp) Watching my partner fucking a 10 or fucking a 10 while my partner watches.,2,
(tf) As a sex worker\; I think I'm worth at least 100 bucks an hour.,2,
(tf) One time I took Ecstacy and lost control of my genitals.,2,
(tf) There is no one i'd rather fuck than my partner(s).,2,
I like fucking more than my partner.,2,
(tf) My friends know more about my sex life than my partner.,2,
Do I have the hots for my partner's ex?,2,
Does watching my neighbor make me horny?,2,
(tf) One time I had sex with a convicted felon.,2,
Do I keep a tripod under my bed just in case?,2,Could be easily reworded - something along the lines of wanting to make porn 
(tf) One time I took prescription drugs that weren't mine.,2,
Have I mastered the art of seduction?,2,
Do I want it as often as my partner does?,2,
Am I still a virgin?,2,
Do I drink too much?,2,
Am I a lazy fucker?,2,
(wp): A year of regular sex from a 7 or a week with a 10?,2,
(tf) I don't last very long.,2,
Name someone I almost fucked but backed out.,2,
The first time I watched porn\; I was ___ years old.,2,"Just turns into an ""I don't really remember"" - better question would be about what kind of porn "
Do I have stretch marks?,2,
I have a fuck buddy.,2,
I'm no pharmacist\; but I like to mix ___ with ___ for a happy time.,2,
If there's a Hell\; will I rot there?,2,
Am I the giver or the receiver?,2,
(tf) I've been railed overseas.,2,I've had sex in a country where I didn't live? Not all that interesting maybe? 
(tf) One time I got in trouble for going to a strip club.,2,
(tf) I think fornicators should rot in Hell.,2,
One time\; I molested a stuffed animal.,2,Phraaasing 
My ex is a pile of shit.,2,Too on-the-nose aggressive? 
Do I worry that my partner is hiding an STD?,2,
(tf) I like watching other people have sex while I sit in the corner.,2,"A lot of these are just ""do I have x fetish"". There's got to be a more interesting way to phrase them "
(tf) I don't mind cheating to get ahead.,2,"Off topic and another ""am I kinda shit"" question "
Do I sit down to shower?,2,
Am I ashamed by the number of people I have fucked?,2,
(tf) One time I did the hanky-panky in my bff's bed.,2,
(tf) One time at a house party I pulled a Kat Stratford and brought the house down with a table dance.,2,"I don't get the reference, is it common or good? "
Is my sex drive dead?,2,
Do poor people turn me on?,2,
Do I dig man thongs.,2,
Have I ever done shit to a mannequin?,2,Can this be rephrased to make more sense? 
Have I ever done wayward shit at summer camp?,2,Phrasing 
(tf) I sympathize with the homeless.,2,"Another ""am I a decent person"" "
(tf) One time I regrew my virginity by not getting laid for over a year.,1.5,I've taken year+ long breaks between fucking 
(tf) One time somebody stalked me.,1.5,potentially triggering? | Agreed 
(tf) My partner is shitty at making sex.,1,
(tf) One time an animal made me disgracefully horny.,1,Is there a likely interpertation of this that makes sense? 
Would I pork a 10\; knowing they have genital herpes?,1,
(tf) One time I lied in order to have sex.,1,just no 
(tf) Ginger pubes make me horny.,1,
Do I have sex whenever I want it?,1,
Do I like fake boobs?,1,
I'd like to fuck ___ so I can use it as blackmail later.,1,
Do I sleep around?,1,
(tf) Sometimes I picture my mom or dad during sex and I can't stop.,1,Does anyone want to read/answer this question?? 
Is my asshole disgusting or do I use a bidet?,1,Feel like this could be salvaged somehow but it's a terrible dichotomy 
If the body is hot\; but the face is not\; am I still DTF?,1,Bleah. 
(tf) One time my in-laws saw my genitals.,1,This is weird in so many ways I would just leave out 
Have I ever robbed someone during a one night stand?,1,What the hell?? 
Am I the reacher or the settler?,1,Yuck 
Have I ever worn a cross while watching porn?,1,
Do I assgasm?,1,
Am I attracted to halfwits?,1,
Do I use a safe word?,1,
Do I fuck enough?,1,
(tf) One time I woke up because I felt someone licking my genitals.,1,
Do I like to suck face while fucking?,1,
For charity\; would I fuck a 30 year old virgin?,1,
Do I pursue sex adventures?,1,
(tf) I'm looking for new friends because mine are broke.,1,Not really on theme with the rest of it? 
(tf) I'm too jealous to have a threesome.,1,I'm too ___. I feel like there's something better for the blank 
I lost my virginity to a ___ year old.,1,
(tf) One time I shoved a gerbil up my ass through a tube?,1,
Do I use sex as a tool to get what I want?,1,
(tf) One time I crossdressed and made kinky love.,1,
One time I was in a relationship with a cheater.,1,
(tf) One time I had sex with a redhead.,1,
Is my libido affected by the moon?,1,
Do I like the taste of bonk juice?,1,
Name a body part I wish my partner would laze.,1,
Do I leave floaters in public restrooms because I think it's funny?,1,
(tf) I often eat too much.,1,
Do I have loose morals?,1,
Do I like it up the ass?,1,
Do I like to stare at my poop?,1,
How many people have I introduced to the joys of sex?,1,
Do I sometimes fantasize about switching up my sexual orientation?,1,
(tf) One time I fucked my friend while my partner watched.,1,
Do I *only* groom my crotch when I think I'm going to fuck?,1,
Do I watch interracial porn?,1,
How long can I last?,1,
(tf) I wish I would have had less sex in high school.,1,*bad* connotations 
Am I easy?,1,
If I found out my partner could never have sex again\; would I take another lover?,1,
(tf) I like to lick fat rolls.,1,
(tf) Sometimes I had different genitals.,1,
Do I wish my lover would hit the gym up more often?,1,
Have I slept in the wrong bed on account of a blackout?,1,
(tf) I troll people on Tinder even though I am in a relationship.,1,
(tf) I have anger issues because I was bullied as a kid.,1,
(tf) I don't consider kissing cheating.,1,
"The word ""fuck"" is an acronym. Do I know what it means?",1,Not actually true 
[(tf) I'd dump my partner in a heartbeat to get with a millionare.,1,
(tf) My partner sucks at missionary.,1,
Name a religeous group that I find cringy.,1,
Am I kinky?,1,lol 
(tf) I like me some chub because there's more to love.,1,
Which do I prefer: fucking while drunk or high?,1,"""Which do I prefer:"" should be bold but it's such a bad question I'm not bothering to add the formatting rule "
Have I ever been diciplined for rubbing off?,1,"Could be a. fun ""dicipline"" or b. childhood trauma so maybe we shall skip "
Do I have daddy issues?,1,
(tf) One time I woke up\; looked around\; and couldn't figure out whose bed I was in.,1,
Do I revel inthe failure of others?,1,
When my partner does ___ it's a nauseating turn-off.,1,
On occasion\; do I wear underwear that was *not* designed for my gender?,1,
Do I say no to drugs?,1,
If my partner was sent overseas for 3 years\; would I give them a free pass?,1,
(tf) Even though I'm in a relationship\; I'm still a flirt.,1,
Was I sober when I lost my virginity?,1,
(tf) One time I used bribery to get sex.,1,
Am I fucking more than one person?,1,
Have I fucked around with more than one gender?,1,
(tf) One time I had a side piece while I was in a committed relationship.,1,
(tf) Because of Jesus\; I only bone within the confines of marriage.,1,
(tf) It's hard for me to stay in a committed relationship because I'm a horndog.,1,
(tf) One time I fucked on somebody's big toe.,1,What does it meaaaaan? 
(tf) One time I slipped into the wrong hole.,1,
Am I willing to fuck somebody if I don't like if I find them hot?,1,
(tf) One time I had sex so shitty I had to stop it.,1,
If it were accepted by society\; I'd be a swinger.,1,
Which of my cousins am I secretly attracted to?,1,
What trick do I use that almost always guarantees sex?,1,
(tf) Would I doank your bare but to raise money for my local animal shelter?,1,I can't work out what it's meant to be pre-transcription. If someone can make it make sense please do 
(tf) One time I fucked someone old enough to be my parent.,1,